cluster,acousticness,danceability,energy,key,tempo,valence
0,0.071055294,0.453618826,0.761991185,0.684936436,0.615763737,0.40379325
1,0.087702953,0.598848328,0.733740494,0.132974482,0.465931121,0.539022965
2,0.249717763,0.61390192,0.553778786,0.806488118,0.364874871,0.360494282
3,0.498260745,0.532139439,0.42701903,0.235011564,0.41620033,0.284172134
4,0.118170506,0.674216718,0.764907637,0.676291214,0.407292043,0.750732841
